timestamp,cpu_usage,memory_usage,disk_usage,cost_per_hour
2024-01-01 00:00:00,8.738855859647515,40.1216824680348,34.49112026150623,0.196
2024-01-01 01:00:00,0.0,20.299306664828993,31.409511326806374,0.141
2024-01-01 02:00:00,12.61410159654434,21.505467512466108,36.40715539245714,0.172
2024-01-01 03:00:00,19.272111643291325,35.61106918370285,39.253368264784136,0.206
2024-01-01 04:00:00,4.8561397038321985,29.871942065172398,32.10763330820283,0.171
2024-01-01 05:00:00,4.080275152706127,16.14896761000102,26.208035302569193,0.158
2024-01-01 06:00:00,10.855097462811543,31.00165702215283,36.41250616756132,0.182
2024-01-01 07:00:00,45.91508272244896,45.81268755675012,53.07178948537976,0.268
2024-01-01 08:00:00,44.6132283266674,52.94553006448164,63.43893963852766,0.291
2024-01-01 09:00:00,69.18711468418365,80.50836379443766,75.38895627066651,0.379
2024-01-01 10:00:00,70.02222060794541,78.43322314708055,69.01732433116753,0.374
2024-01-01 11:00:00,71.76632526326105,80.58501768125586,75.32603466012395,0.378
2024-01-01 12:00:00,67.69067082351867,82.72986886974469,65.26840970983517,0.368
2024-01-01 13:00:00,53.88171772796383,73.26277230183042,70.2252734010735,0.341
2024-01-01 14:00:00,71.275158154296,68.3188521197769,70.7304090138413,0.361
2024-01-01 15:00:00,56.52313953292458,76.27817804832559,69.68718118523633,0.342
2024-01-01 16:00:00,64.62886945188079,73.8193587981487,73.82379158766526,0.357
2024-01-01 17:00:00,69.93299776918943,73.41413348561845,75.69317784945922,0.354
2024-01-01 18:00:00,40.4783904060642,49.34469233159755,45.64453472465993,0.278
2024-01-01 19:00:00,40.837967749727,43.156893071590154,54.143921742997456,0.267
2024-01-01 20:00:00,40.00856881290386,60.9298537906716,40.66221641352525,0.295
2024-01-01 21:00:00,12.914548861122976,38.240261874174756,36.964302985273925,0.207
2024-01-01 22:00:00,13.407102083229013,23.148997465019562,28.29090159055545,0.182
2024-01-01 23:00:00,14.898758993243238,24.838607298389874,40.39279776910101,0.172
2024-01-02 00:00:00,10.858088406040775,23.925893232516742,30.775797023684767,0.184
2024-01-02 01:00:00,15.08637991510345,19.952048462187026,36.93188481123401,0.172
2024-01-02 02:00:00,18.02903274392379,29.983113464408305,29.441641059188797,0.207
2024-01-02 03:00:00,26.024000415449688,24.190580023121882,38.26515616677477,0.213
2024-01-02 04:00:00,13.791005267704474,27.751628335712674,30.729472229904395,0.191
2024-01-02 05:00:00,16.23468006094744,22.28945744760046,34.486124694611235,0.198
2024-01-02 06:00:00,8.726566795601226,22.39622971205234,31.16538478425798,0.182
2024-01-02 07:00:00,41.18241496490883,54.43911299272711,63.55645697274031,0.273
2024-01-02 08:00:00,37.5361518108129,59.1489313046147,61.02091931276217,0.268
2024-01-02 09:00:00,66.87111554517695,74.88760054817757,67.39170517903194,0.361
2024-01-02 10:00:00,35.852459265822944,74.39029294902635,69.89924957751185,0.319
2024-01-02 11:00:00,59.37541106909181,80.20231068414726,71.92291567463174,0.369
2024-01-02 12:00:00,76.20183057402974,71.71073520242774,64.65458889042259,0.393
2024-01-02 13:00:00,56.15570700501151,83.03150144119174,68.43273634294064,0.362
2024-01-02 14:00:00,61.2587521512238,79.48643713891659,72.63785970193616,0.381
2024-01-02 15:00:00,71.4612439634863,69.25171324414671,69.01684548649618,0.389
2024-01-02 16:00:00,76.36294558200234,74.28409838262913,64.29677387321132,0.372
2024-01-02 17:00:00,53.67491564374807,80.99137711699537,70.96083115691883,0.344
2024-01-02 18:00:00,31.12512957398761,57.23660351601795,44.79284633945739,0.272
2024-01-02 19:00:00,48.098540708317046,48.726348826969584,51.85200726869641,0.292
2024-01-02 20:00:00,45.78946222592767,53.10664205869715,50.19051159036939,0.286
2024-01-02 21:00:00,17.501509483372995,26.76567066784219,32.305903906498,0.197
2024-01-02 22:00:00,20.612963869234342,23.685757771588587,33.48056355064193,0.219
2024-01-02 23:00:00,17.484486549339366,24.632501614010486,32.46283527585936,0.193
2024-01-03 00:00:00,12.461033243037969,16.835662696408527,29.083911014367278,0.156
2024-01-03 01:00:00,10.451167796098092,22.3255706366351,40.784334933010626,0.168
2024-01-03 02:00:00,15.827428416467194,28.190729965752798,30.223077871277688,0.204
2024-01-03 03:00:00,19.64759992978895,25.89260504292142,33.889818082741186,0.199
2024-01-03 04:00:00,21.36713990495494,25.7071862886549,32.884546194630666,0.201
2024-01-03 05:00:00,14.770502222548137,25.134982824074086,29.442168449094666,0.188
2024-01-03 06:00:00,18.987057151199163,19.518421081913512,35.37837509778286,0.192
2024-01-03 07:00:00,52.9402953062808,41.11059371141221,61.28594235310972,0.284
2024-01-03 08:00:00,45.95018963514225,48.1923634956007,58.88929973444893,0.281
2024-01-03 09:00:00,75.09198331858616,60.7247964999566,73.82457746489405,0.362
2024-01-03 10:00:00,63.940785045374085,80.7388461209246,65.67263668844532,0.368
2024-01-03 11:00:00,53.17101358800312,75.11717912299459,69.43129898354867,0.338
2024-01-03 12:00:00,60.5244334971164,66.05726301934754,69.72849906462147,0.35
2024-01-03 13:00:00,68.90145377197594,61.114879219523644,68.61357337143068,0.348
2024-01-03 14:00:00,68.69821733735554,74.40057939609994,69.28895608563127,0.357
2024-01-03 15:00:00,59.85705775302351,75.41554122706255,69.59245543200952,0.359
2024-01-03 16:00:00,73.89687834791532,78.28483390241105,69.15593921506974,0.383
2024-01-03 17:00:00,71.14230994533952,81.89466129846095,73.73211263398305,0.382
2024-01-03 18:00:00,43.88522354837266,45.041643602741566,53.60345088572492,0.274
2024-01-03 19:00:00,32.35522129293024,47.129998144525935,48.97598820990967,0.261
2024-01-03 20:00:00,50.05773969500356,53.31736887860372,42.99660628671265,0.294
2024-01-03 21:00:00,13.90845930821552,28.38106353308546,28.85436552084191,0.187
2024-01-03 22:00:00,16.329152957603256,29.673424782980696,35.47662601537106,0.197
2024-01-03 23:00:00,20.270898786228862,10.560223485766146,41.235749077803874,0.173
2024-01-04 00:00:00,28.564497340311718,25.288774924974433,38.36022941470451,0.208
2024-01-04 01:00:00,19.889048846441046,24.558681295822012,37.493352341108825,0.206
2024-01-04 02:00:00,17.558910192998724,19.099371930162064,38.843464018590915,0.19
2024-01-04 03:00:00,5.368099244204657,28.61636808823524,34.60708968934664,0.171
2024-01-04 04:00:00,12.914079770959638,31.192758432676456,24.198640801186073,0.2
2024-01-04 05:00:00,15.17664947186245,26.182511964248576,27.73364520279016,0.192
2024-01-04 06:00:00,13.5023241921707,32.87399332546854,27.74512727479435,0.185
2024-01-04 07:00:00,42.525655584165506,58.0181800484326,57.212828946585915,0.282
2024-01-04 08:00:00,36.41070471242501,48.51636651633312,59.89908660738121,0.275
2024-01-04 09:00:00,57.323889607954065,84.59076754516977,62.40725395375448,0.36
2024-01-04 10:00:00,59.289409666697225,82.02619805856601,75.85067664550513,0.375
2024-01-04 11:00:00,67.85610276882302,67.24784279865246,69.5188105702007,0.353
2024-01-04 12:00:00,71.22271959314205,81.59304116623632,66.64908439240814,0.364
2024-01-04 13:00:00,61.553951225118574,71.94234356780203,73.47608290909889,0.34
2024-01-04 14:00:00,66.2543837189334,72.62883191763405,66.2565719573881,0.363
2024-01-04 15:00:00,62.57900266284527,79.33191738104847,74.77185678884344,0.362
2024-01-04 16:00:00,57.51970829315179,65.77039704618656,62.826393692207304,0.337
2024-01-04 17:00:00,59.34956041008822,76.64451551811926,70.95270779169138,0.366
2024-01-04 18:00:00,35.7152800811664,43.09447633644578,55.54762363618996,0.275
2024-01-04 19:00:00,38.09700140931715,45.36307438719262,39.81590082725384,0.268
2024-01-04 20:00:00,38.99308476944824,46.88055520014486,51.19385444675136,0.25
2024-01-04 21:00:00,18.861886941081398,15.744338995123785,34.856598370290406,0.182
2024-01-04 22:00:00,8.635227308069418,38.34849640782738,35.46512740010426,0.214
2024-01-04 23:00:00,10.528616902398682,13.774887399337073,30.883598225975007,0.159
2024-01-05 00:00:00,29.76698951499992,27.805497726097816,27.622565798670323,0.213
2024-01-05 01:00:00,22.962622343609553,26.43937624525616,37.36283469421697,0.21
2024-01-05 02:00:00,12.105980242628307,22.094014217453033,38.7327308524714,0.189
2024-01-05 03:00:00,8.70217048431969,21.378559538034686,35.86592492689967,0.173
2024-01-05 04:00:00,21.684468722427873,22.774126067332737,38.764220781376395,0.178
2024-01-05 05:00:00,15.013570266494032,38.39349980478238,35.96292681095208,0.198
2024-01-05 06:00:00,12.698717940202231,32.520405785646155,33.081449602262985,0.196
2024-01-05 07:00:00,49.689362049942915,61.4633176316994,59.33568214871342,0.318
2024-01-05 08:00:00,41.743568437788646,52.39529870226533,61.28425502367085,0.284
2024-01-05 09:00:00,60.24305464832854,65.93479386269289,63.009860513263945,0.342
2024-01-05 10:00:00,54.12328903634213,73.78286036480789,71.37051725881403,0.327
2024-01-05 11:00:00,66.68628139740827,76.24671818851893,77.35405750579656,0.371
2024-01-05 12:00:00,50.30449591984916,73.25455117819311,62.03027551850093,0.335
2024-01-05 13:00:00,61.96813893563759,84.57157017178389,65.68603743194402,0.362
2024-01-05 14:00:00,70.57372650238429,78.39393637503822,80.20236816233859,0.378
2024-01-05 15:00:00,74.90441214136149,75.92673930609459,62.826297389480544,0.396
2024-01-05 16:00:00,70.26204277892258,76.35399542236132,70.64291563612993,0.382
2024-01-05 17:00:00,54.23299401429025,67.4492908515336,68.5995975090635,0.33
2024-01-05 18:00:00,37.91657997592463,48.53370490352298,42.39416344321185,0.276
2024-01-05 19:00:00,28.61754889560995,46.62897661272183,44.099672571923904,0.246
2024-01-05 20:00:00,48.198515992593855,55.07662348863493,54.45625147403443,0.303
2024-01-05 21:00:00,17.45242186307467,23.548685710787687,20.826005347434197,0.196
2024-01-05 22:00:00,10.52214920353705,20.05375957850923,37.903188713696196,0.156
2024-01-05 23:00:00,17.387491081649838,26.94536520984982,37.88030263115004,0.208
2024-01-06 00:00:00,22.123808829758794,18.15187856572048,31.08948433228117,0.182
2024-01-06 01:00:00,6.414104028949845,24.35161047827563,23.807579108927573,0.182
2024-01-06 02:00:00,1.33552624937629,21.75250797095751,25.015740910432314,0.153
2024-01-06 03:00:00,6.078468695717626,18.73633360238404,22.5551801447424,0.165
2024-01-06 04:00:00,6.835367012011185,21.62870356622328,30.58457075089604,0.16
2024-01-06 05:00:00,14.941819769893085,10.878493002819088,25.454264594520662,0.166
2024-01-06 06:00:00,23.722888980535814,28.525570934684325,31.745680979472276,0.213
2024-01-06 07:00:00,7.622758426047778,21.524896129476733,28.700847596003303,0.152
2024-01-06 08:00:00,6.873422057498118,19.24441876913436,28.258749561706495,0.146
2024-01-06 09:00:00,0.0,23.56396951763658,27.383334567029095,0.129
2024-01-06 10:00:00,18.336487553320374,34.15613776804667,46.173356865632655,0.196
2024-01-06 11:00:00,99.0,94.0,46.23066234622268,0.27299999999999996
2024-01-06 12:00:00,25.937087198350007,26.767162459795447,47.17340998859273,0.225
2024-01-06 13:00:00,25.560770220523406,36.711715961316855,46.98228828784628,0.227
2024-01-06 14:00:00,31.336693309948068,37.38965451756489,39.56439109676514,0.211
2024-01-06 15:00:00,14.241787006546224,29.508039932647165,33.23668862170769,0.187
2024-01-06 16:00:00,37.244758153198305,30.113773219780143,39.705886348571376,0.231
2024-01-06 17:00:00,27.954161433972164,34.79452908841491,45.465165900756425,0.231
2024-01-06 18:00:00,12.139642275695719,28.556283458429874,32.90214431317705,0.184
2024-01-06 19:00:00,21.808851296559844,16.700807060994457,25.11974616760117,0.198
2024-01-06 20:00:00,9.921748127066333,20.305636281261457,22.454112130789994,0.183
2024-01-06 21:00:00,20.041390705302526,17.74575279333165,22.462049640805418,0.182
2024-01-06 22:00:00,1.928715082527651,21.32089761993128,23.24210260504676,0.159
2024-01-06 23:00:00,0.0,29.99017403856601,34.54683004256807,0.141
2024-01-07 00:00:00,2.1418796867540326,22.697013118245007,32.31084290290349,0.168
2024-01-07 01:00:00,16.696748673727665,20.276062660678082,34.62849220752496,0.186
2024-01-07 02:00:00,18.48589072598832,18.28787484704054,27.352421466991927,0.186
2024-01-07 03:00:00,8.593431549678588,19.081428071773814,35.58365140611955,0.174
2024-01-07 04:00:00,9.13670234048107,26.045512099178065,40.661568954734946,0.169
2024-01-07 05:00:00,5.990420547680673,12.878447164597729,32.27159158104362,0.16
2024-01-07 06:00:00,11.348997184004885,17.17641674634558,27.1180019307989,0.166
2024-01-07 07:00:00,6.222717592570131,18.215511199409157,35.42242382902529,0.158
2024-01-07 08:00:00,2.2799997124808185,20.67016918936644,34.08441505242888,0.154
2024-01-07 09:00:00,14.589080788236586,25.759090613944693,27.472866807180225,0.166
2024-01-07 10:00:00,16.45181345668808,37.593651014840916,45.364765169214174,0.2
2024-01-07 11:00:00,46.67132749586314,34.78276670653878,43.810200979268785,0.267
2024-01-07 12:00:00,17.434572490605788,39.62989906005454,38.87062799457064,0.213
2024-01-07 13:00:00,33.94007260441343,26.69926780622682,40.540752865694664,0.23
2024-01-07 14:00:00,18.798684898452457,42.59363398420594,34.17710557941422,0.209
2024-01-07 15:00:00,22.924632027220625,30.011426251963805,38.012083711344154,0.215
2024-01-07 16:00:00,23.612919063084135,26.115010959933933,37.765432644281944,0.205
2024-01-07 17:00:00,20.387357410748862,39.74465124315782,36.94430090763483,0.225
2024-01-07 18:00:00,22.274317385007862,15.708689209005016,31.094618839701482,0.196
2024-01-07 19:00:00,3.1454642332610705,20.171240699667226,36.483568043440975,0.148
2024-01-07 20:00:00,0.0,26.233103526972577,32.33950055368621,0.152
2024-01-07 21:00:00,3.3297698678905547,30.475313021840222,34.20529791871575,0.183
2024-01-07 22:00:00,3.740696773207426,27.144736614517782,32.88482069979862,0.161
2024-01-07 23:00:00,0.0214006507653437,10.977759284097585,25.51649068747194,0.12
2024-01-08 00:00:00,6.006890761407169,19.253415305650773,33.00930258323363,0.157
2024-01-08 01:00:00,15.750295016671696,18.87784427940137,40.03812793251805,0.172
2024-01-08 02:00:00,16.743349515253353,17.630769163231353,36.10122800801308,0.189
2024-01-08 03:00:00,21.88516565638796,27.77857048764481,32.68198036051224,0.212
2024-01-08 04:00:00,17.324737093167563,26.689730291941917,34.57992982421542,0.196
2024-01-08 05:00:00,4.8820939694422005,25.807899933547876,36.74226380189707,0.173
2024-01-08 06:00:00,20.98178886811931,20.80569242648756,39.226829262538516,0.189
2024-01-08 07:00:00,37.59129324374693,51.90010921086631,55.99626092104511,0.276
2024-01-08 08:00:00,63.53463899566408,53.91940647396561,48.09061178071811,0.338
2024-01-08 09:00:00,59.579888356256056,87.01362394214291,70.93042242540966,0.375
2024-01-08 10:00:00,66.34583284107434,67.37741674742111,66.57644655232897,0.358
2024-01-08 11:00:00,68.92585644115415,77.33088564437018,70.81255976176577,0.361
2024-01-08 12:00:00,71.77577186452957,83.52485220218247,68.02365821585371,0.395
2024-01-08 13:00:00,69.47012889403412,68.1239645658323,60.62912743059236,0.362
2024-01-08 14:00:00,78.20315340033935,68.55319359070177,71.24111491878631,0.373
2024-01-08 15:00:00,78.93134080804352,77.70523538432248,68.4933476820929,0.378
2024-01-08 16:00:00,75.02235287582252,76.51777529886641,64.62696095373387,0.387
2024-01-08 17:00:00,67.95462893639989,78.60844472015785,61.66802889790411,0.364
2024-01-08 18:00:00,30.366479531226304,47.39102877481486,51.430459356552404,0.263
2024-01-08 19:00:00,41.97433770084737,41.58082606125864,46.93959396478148,0.282
2024-01-08 20:00:00,30.24644390465366,58.46666862763877,45.667203005644964,0.28
2024-01-08 21:00:00,13.537324972037855,32.38151437024842,29.624657486996597,0.194
2024-01-08 22:00:00,16.02907479103229,23.79532968116839,34.94838098019491,0.186
2024-01-08 23:00:00,0.0,22.176720555668645,41.060467745189406,0.149
2024-01-09 00:00:00,21.535962285432728,18.12290977718998,30.231244703470736,0.185
2024-01-09 01:00:00,20.488767724853282,26.766904934929112,35.901322429255956,0.198
2024-01-09 02:00:00,12.350036439261569,25.778551930569645,36.72069168759801,0.168
2024-01-09 03:00:00,17.95878922069281,26.97929945597528,42.396770201998365,0.206
2024-01-09 04:00:00,18.490220834937606,27.860174723216037,35.691766429739054,0.199
2024-01-09 05:00:00,12.670044043455011,21.087526155139724,39.14648248111128,0.17
2024-01-09 06:00:00,17.048248306954576,36.780116716023464,38.64270823846019,0.2
2024-01-09 07:00:00,47.80927064626844,55.680321779548166,58.48792607827048,0.293
2024-01-09 08:00:00,44.681943121005745,53.32441764501962,50.47010551821769,0.3
2024-01-09 09:00:00,72.42248354104355,75.40209590643383,76.0724998974784,0.369
2024-01-09 10:00:00,73.18405076330991,59.56285885072981,68.19438974430513,0.363
2024-01-09 11:00:00,69.31962368329145,77.17458394372689,74.93398300919785,0.378
2024-01-09 12:00:00,58.413153279717804,68.56884846781756,74.54668112775997,0.341
2024-01-09 13:00:00,73.52806383155769,74.27125476486896,70.1974294976611,0.373
2024-01-09 14:00:00,69.00649470171216,78.8758226837233,74.11408426596361,0.382
2024-01-09 15:00:00,64.67785209584403,78.47189014247354,67.99047439540739,0.363
2024-01-09 16:00:00,64.49771152495015,79.5084692535109,67.44911424606329,0.368
2024-01-09 17:00:00,64.11843914739354,70.6573074820511,72.58064467907587,0.341
2024-01-09 18:00:00,39.785911670928854,48.42119824720353,55.37083552429022,0.268
2024-01-09 19:00:00,40.166303275929884,57.063270758232036,40.536669651243024,0.276
2024-01-09 20:00:00,42.337053508028546,48.94226415588778,52.22616531168772,0.27
2024-01-09 21:00:00,5.374607334876927,22.216979681182888,29.00453163760435,0.171
2024-01-09 22:00:00,14.189094511076604,24.92889541854969,23.20165862853296,0.18
2024-01-09 23:00:00,6.768723631298164,23.759338052638007,37.84803964623037,0.165
2024-01-10 00:00:00,15.444195243747348,31.284588770981888,35.25761728411174,0.205
2024-01-10 01:00:00,14.482840541166599,15.612718391269542,44.02176887003963,0.152
2024-01-10 02:00:00,11.422321658870505,20.846140118563724,29.43415113479901,0.173
2024-01-10 03:00:00,10.230432599934407,27.179221460808904,32.94964655457919,0.173
2024-01-10 04:00:00,12.889350961125665,19.42168556107313,39.05596178709564,0.185
2024-01-10 05:00:00,11.415569544046615,38.76701753940357,34.53198127494788,0.182
2024-01-10 06:00:00,7.8604728983167504,33.983877359381104,46.126905734785836,0.191
2024-01-10 07:00:00,50.89476862178665,62.64756309579038,58.164205644452814,0.335
2024-01-10 08:00:00,32.990127138142824,49.62910904772377,58.36245161801041,0.254
2024-01-10 09:00:00,63.99386092282142,73.22247826027989,63.76662354250266,0.363
2024-01-10 10:00:00,58.39873837372911,73.70309819315935,70.03823857968182,0.369
2024-01-10 11:00:00,78.10650047850865,73.13725871277374,71.71266741302935,0.403
2024-01-10 12:00:00,59.60448514050538,69.55299491169347,70.84598637148918,0.359
2024-01-10 13:00:00,73.68393515642174,77.54998278856603,70.62402557762776,0.39
2024-01-10 14:00:00,64.5704849031746,78.83586511380386,70.00853450086315,0.364
2024-01-10 15:00:00,66.02732042945746,60.32156565307483,67.04839810596587,0.334
2024-01-10 16:00:00,58.84448004528969,65.31135213348018,69.37743293289385,0.339
2024-01-10 17:00:00,61.011804862026366,77.71227554052463,73.79350310949981,0.354
2024-01-10 18:00:00,33.36806801205953,44.148899487921355,51.59111138216544,0.255
2024-01-10 19:00:00,52.02700979580907,40.75937319053887,50.56628135181995,0.294
2024-01-10 20:00:00,43.07427770370128,42.89133408192086,56.163349215847,0.258
2024-01-10 21:00:00,14.947614827376446,20.976165761823637,30.733706639756164,0.183
2024-01-10 22:00:00,13.507382537747553,22.317321987068656,37.37229733976496,0.167
2024-01-10 23:00:00,21.177684449210044,25.24243620920765,40.79619253490114,0.194
2024-01-11 00:00:00,8.08026350014191,32.04083149114159,32.51932468368086,0.165
2024-01-11 01:00:00,0.0,23.991833625075806,34.791778785494515,0.162
2024-01-11 02:00:00,16.745033704427996,21.491614024680842,34.72881073704322,0.186
2024-01-11 03:00:00,14.916774617420714,22.66646744145962,40.52987623991201,0.18
2024-01-11 04:00:00,14.499322079975954,25.028517560570723,31.226128115739357,0.188
2024-01-11 05:00:00,2.21861257197342,28.652807536707467,23.528336285347642,0.166
2024-01-11 06:00:00,16.329020163981994,24.756065439797375,28.170572825749062,0.194
2024-01-11 07:00:00,44.146890725086635,58.75291129615165,64.78239555201971,0.295
2024-01-11 08:00:00,44.025314642839014,53.36926474269334,54.03560087734015,0.301
2024-01-11 09:00:00,80.64181374613118,84.79428888672253,71.49782111164178,0.423
2024-01-11 10:00:00,62.431304979716636,77.55208126784507,57.3465222841205,0.374
2024-01-11 11:00:00,60.90574448759697,67.23334868383043,68.72715170850012,0.334
2024-01-11 12:00:00,60.93773187207558,80.51371389973875,69.37550034755967,0.352
2024-01-11 13:00:00,61.32677162696811,57.716681148222555,66.66328848825924,0.321
2024-01-11 14:00:00,58.50761205809435,71.2254240613128,70.80935016092224,0.351
2024-01-11 15:00:00,68.83841961357429,82.39111523786067,59.63160186715463,0.385
2024-01-11 16:00:00,66.42025435125858,84.38614015543195,70.0310410747963,0.378
2024-01-11 17:00:00,60.03918351639493,80.43796882592144,69.1211501176232,0.35
2024-01-11 18:00:00,36.66380203232442,37.97724248409189,40.56708491399094,0.263
2024-01-11 19:00:00,30.426355436098888,52.790569766293146,53.14153321166599,0.24
2024-01-11 20:00:00,68.61433524016948,54.32805688231154,58.580741114283306,0.337
2024-01-11 21:00:00,9.453581357112139,20.002269055839726,38.47604788461113,0.152
2024-01-11 22:00:00,21.36017790948518,25.733316943346875,37.16893987315976,0.207
2024-01-11 23:00:00,29.028535074970314,30.014769124123315,24.25125467605656,0.22
2024-01-12 00:00:00,9.901582073575788,19.15295244116723,36.86761393282491,0.169
2024-01-12 01:00:00,2.787280170856226,11.583369799654598,33.59993747022018,0.142
2024-01-12 02:00:00,16.173394713169834,25.193880533916804,38.874548427456716,0.21
2024-01-12 03:00:00,7.830434067410873,26.602700822454278,30.22297443379448,0.193
2024-01-12 04:00:00,7.87684424972926,19.845131134167552,40.225315160970936,0.157
2024-01-12 05:00:00,15.938127971908518,31.107510239034816,42.709471392024135,0.204
2024-01-12 06:00:00,16.941943480117327,16.46857982045349,38.44515793314893,0.17
2024-01-12 07:00:00,53.797116085995064,56.36554440815403,57.73948646906989,0.329
2024-01-12 08:00:00,27.496615663829072,58.14179528327068,66.84861659615848,0.272
2024-01-12 09:00:00,60.300460410738125,80.09559798280632,67.66879079692669,0.363
2024-01-12 10:00:00,56.257799974963234,76.90298220322697,67.6065226552695,0.353
2024-01-12 11:00:00,67.10275925225679,73.95821540777209,69.57803658209284,0.355
2024-01-12 12:00:00,59.819489872545944,72.40601609334085,74.48076259798782,0.347
2024-01-12 13:00:00,47.196996493991996,64.92912701237128,73.11295925811763,0.32
2024-01-12 14:00:00,50.751643645613996,74.64642692209594,76.42371875566961,0.337
2024-01-12 15:00:00,71.7164257846343,74.95723330357387,67.08911988822635,0.37
2024-01-12 16:00:00,77.65093602509353,72.75109300177068,71.21701705999489,0.378
2024-01-12 17:00:00,64.6154783830284,68.34793538429285,68.38187762115041,0.347
2024-01-12 18:00:00,42.32250185684344,50.8915199804965,50.100196293060655,0.269
2024-01-12 19:00:00,41.90089124773888,53.75807160926599,52.45325716937504,0.272
2024-01-12 20:00:00,38.120079786442766,50.989899920989544,51.74430278505935,0.286
2024-01-12 21:00:00,19.240448598508777,25.826146953943642,40.60956575364718,0.173
2024-01-12 22:00:00,28.425305291036075,30.92296639623645,34.014441568148875,0.207
2024-01-12 23:00:00,11.792239190881553,30.23114220927018,35.72662892880049,0.201
2024-01-13 00:00:00,0.0,19.40515271400919,29.295987365193195,0.153
2024-01-13 01:00:00,1.143398396171385,17.384161522349192,32.31817265248631,0.147
2024-01-13 02:00:00,10.669294916323636,8.905837497124711,34.67927893909913,0.15
2024-01-13 03:00:00,4.087772467599567,17.676237438484577,34.70874167149474,0.181
2024-01-13 04:00:00,1.4739195917514856,20.319162980193212,21.489705835918848,0.161
2024-01-13 05:00:00,2.6320609348126585,19.475784067221955,25.056407247061685,0.149
2024-01-13 06:00:00,11.605882402458258,21.585437185884988,35.646318929436035,0.191
2024-01-13 07:00:00,5.312798204001298,16.96282784983054,22.213777351339438,0.153
2024-01-13 08:00:00,22.270928985709244,23.117909103041008,33.249560636663475,0.192
2024-01-13 09:00:00,1.3992506045555402,25.993395808440233,31.57877529505431,0.176
2024-01-13 10:00:00,22.053469499427383,31.278253309153918,37.62297301369854,0.214
2024-01-13 11:00:00,33.95488542413965,28.98489186360311,35.28761456344622,0.238
2024-01-13 12:00:00,8.728776376573489,37.832180412657635,41.63442661767379,0.173
2024-01-13 13:00:00,24.758630424204256,31.504358007448563,43.50850549621649,0.217
2024-01-13 14:00:00,43.53760711360742,32.59588479669199,49.98106482320976,0.247
2024-01-13 15:00:00,28.173782158358783,26.357499652535203,32.58297287248155,0.219
2024-01-13 16:00:00,27.313862772313254,36.69151351072622,43.7949524524895,0.232
2024-01-13 17:00:00,39.93567494926144,42.29699983802391,36.93942836083567,0.26
2024-01-13 18:00:00,15.461542454257572,9.012357458800796,30.44896630606097,0.148
2024-01-13 19:00:00,20.081819520010313,24.816358744574927,40.748561628781175,0.19
2024-01-13 20:00:00,16.18654963305845,16.498117268480712,30.774786703608584,0.18
2024-01-13 21:00:00,11.081074388209409,6.326685479439057,27.256100138805163,0.155
2024-01-13 22:00:00,1.175037797525869,18.908548505942434,24.58540779144086,0.136
2024-01-13 23:00:00,12.777677643162898,6.228145671409157,33.52447302932394,0.157
2024-01-14 00:00:00,0.7946180941521845,21.355520218118567,36.22863492768693,0.143
2024-01-14 01:00:00,12.215078690922727,32.56380014705509,31.047595328845947,0.173
2024-01-14 02:00:00,10.66305557273253,9.198427486037684,32.759553538255005,0.154
2024-01-14 03:00:00,0.0,21.60909601421009,30.56140136031855,0.146
2024-01-14 04:00:00,19.84430906468784,21.886051995587852,25.404953485634188,0.192
2024-01-14 05:00:00,9.46943890554388,18.172017377244277,27.871102073715228,0.163
2024-01-14 06:00:00,4.4649988076468174,18.43584758222131,36.02666486227515,0.152
2024-01-14 07:00:00,17.873878284341288,16.95973326192652,29.867798115642636,0.184
2024-01-14 08:00:00,1.6816238710881475,23.659748307201944,35.57181637876728,0.176
2024-01-14 09:00:00,11.885135376608018,25.270183358788753,32.227853056525746,0.169
2024-01-14 10:00:00,29.654452192033478,27.463026350484505,30.928443239525336,0.212
2024-01-14 11:00:00,27.160249157412743,35.54740539220967,36.03076803839308,0.217
2024-01-14 12:00:00,18.17678115106522,37.13321597782112,43.1676137991092,0.222
2024-01-14 13:00:00,26.032248519203826,30.297322308829422,30.541286575670803,0.225
2024-01-14 14:00:00,24.113939540647966,29.411798347326673,39.892195243799144,0.218
2024-01-14 15:00:00,27.62746875966249,32.93502550833244,36.83204302440484,0.218
2024-01-14 16:00:00,33.941345864270396,34.84461017353517,37.82162036898567,0.233
2024-01-14 17:00:00,28.997309442629582,38.90531001696988,49.337288277940964,0.242
2024-01-14 18:00:00,16.648766856309074,17.85405102423336,22.65116661538665,0.194
2024-01-14 19:00:00,13.339740312517552,27.44016429877186,27.001756857939323,0.176
2024-01-14 20:00:00,6.7518473046627285,14.524275701729286,32.20897536240739,0.167
2024-01-14 21:00:00,18.777471823668883,12.386912475057093,31.002990720895653,0.179
2024-01-14 22:00:00,13.59648418630038,21.072552701111345,30.934556689272746,0.163
2024-01-14 23:00:00,11.902377305196897,23.254916091097773,23.45712365493741,0.173
2024-01-15 00:00:00,7.56795101379874,21.168411832468003,30.128653212570846,0.173
2024-01-15 01:00:00,20.20885853109796,20.99169321421582,34.76975193584586,0.197
2024-01-15 02:00:00,6.963848545674779,32.18777168517826,35.62095383107996,0.181
2024-01-15 03:00:00,14.926185776915023,36.024495648075,37.22730740833862,0.196
2024-01-15 04:00:00,12.953356528073643,27.273161893785066,31.933836792546433,0.194
2024-01-15 05:00:00,9.588020174007895,26.81018511326876,38.305157889527536,0.18
2024-01-15 06:00:00,20.09490011911395,27.196555717216246,32.005523446990374,0.21
2024-01-15 07:00:00,46.878462750426664,52.35089162534834,65.40071318586601,0.297
2024-01-15 08:00:00,40.077185328633576,50.651499649484784,50.09426234292857,0.282
2024-01-15 09:00:00,45.689612067698604,71.05482655581206,69.96948044948878,0.334
2024-01-15 10:00:00,67.7419157021291,69.39957831597059,82.12005935666869,0.353
2024-01-15 11:00:00,72.54216620765163,81.30517858881186,67.59988723539702,0.406
2024-01-15 12:00:00,67.81790918454614,66.34119061061692,71.84988309523293,0.344
2024-01-15 13:00:00,58.05830258080251,76.52915856603366,67.8904789584711,0.351
2024-01-15 14:00:00,54.5691582244623,78.72346699013093,69.14294376060178,0.361
2024-01-15 15:00:00,89.0,87.0,66.68020217479413,0.4606
2024-01-15 16:00:00,64.54005208885691,71.08225673966801,73.22126150891528,0.371
2024-01-15 17:00:00,67.63215141249788,72.304039744313,74.15945929643931,0.369
2024-01-15 18:00:00,42.29403442001255,56.917403830641064,50.78554830339488,0.28
2024-01-15 19:00:00,42.472202579616734,46.76369497923099,58.29076242283583,0.256
2024-01-15 20:00:00,23.685871111623158,54.71457325288588,50.70299412923477,0.255
2024-01-15 21:00:00,21.84269817671546,20.675551774924195,37.6693381951113,0.189
2024-01-15 22:00:00,21.143546156267462,27.043830309099974,43.84122306720542,0.196
2024-01-15 23:00:00,19.45893109697555,23.922733115185633,26.67520000232867,0.203
2024-01-16 00:00:00,15.082199502851061,33.44850097757562,36.51001581204122,0.196
2024-01-16 01:00:00,14.518704179197702,26.38951196105802,34.95740687454144,0.195
2024-01-16 02:00:00,17.164647919565944,21.582043683666612,34.78190985702263,0.178
2024-01-16 03:00:00,16.772982820361214,27.175169338331646,48.68780766123878,0.203
2024-01-16 04:00:00,25.699973675201882,27.53296980735756,37.2867436620544,0.235
2024-01-16 05:00:00,30.351649062149065,27.22139178012147,32.75487854516595,0.226
2024-01-16 06:00:00,25.057207648550722,27.770262609218054,45.32225184887865,0.206
2024-01-16 07:00:00,41.140272188508426,58.06287160367258,56.22190396225835,0.282
2024-01-16 08:00:00,40.26495814054852,60.84761718175018,54.892424656132214,0.294
2024-01-16 09:00:00,64.81086752957813,75.06661540597038,65.13931075032409,0.366
2024-01-16 10:00:00,65.2895696914952,76.75063846887706,69.33318529661707,0.384
2024-01-16 11:00:00,70.24068868832438,80.8083759582628,64.53933289135534,0.366
2024-01-16 12:00:00,52.759760239706296,79.30263391724009,74.07386380380981,0.35
2024-01-16 13:00:00,65.37288383546347,84.26191349757495,74.45604521002906,0.388
2024-01-16 14:00:00,73.33751165279011,72.67441017186708,57.683927512913456,0.374
2024-01-16 15:00:00,51.10672168858031,66.75413118994462,72.25068453198197,0.324
2024-01-16 16:00:00,63.75438125420506,74.8795063634056,74.5586956037315,0.353
2024-01-16 17:00:00,71.33012162066748,78.67297126585942,71.75692848876953,0.382
2024-01-16 18:00:00,32.30204695996325,37.9679171992841,44.71852070711748,0.242
2024-01-16 19:00:00,32.6351780995291,52.64336006883368,46.140015492860336,0.254
2024-01-16 20:00:00,17.777814255018708,46.4262146517694,50.61979661736443,0.231
2024-01-16 21:00:00,13.20243062665986,20.432742983617242,32.14005984865262,0.179
2024-01-16 22:00:00,8.16240609348748,26.159398882701062,33.75354241296616,0.182
2024-01-16 23:00:00,26.69751586182589,28.81204638952847,46.75451087851982,0.22
2024-01-17 00:00:00,26.65257294533654,19.389333260930492,34.04758376266372,0.207
2024-01-17 01:00:00,19.9281423305823,21.507306305650488,32.57393397615523,0.2
2024-01-17 02:00:00,31.475195399302425,29.424223038771245,33.413593801643785,0.218
2024-01-17 03:00:00,1.540785495785352,23.29136357486176,32.04728902397933,0.143
2024-01-17 04:00:00,15.953976183251989,23.469813503246804,32.00577982516533,0.185
2024-01-17 05:00:00,17.617204841661486,26.209856788748965,39.74644857941612,0.205
2024-01-17 06:00:00,8.862681224408153,19.044456414354862,33.39138712227358,0.165
2024-01-17 07:00:00,45.288221306080395,51.18775838523466,53.482668786348235,0.28
2024-01-17 08:00:00,44.01738735097838,45.73959933108162,56.36247260495995,0.263
2024-01-17 09:00:00,72.11403162392538,74.5402188303437,73.03342064058991,0.378
2024-01-17 10:00:00,69.11127591371576,78.78064735999811,68.89241761819774,0.375
2024-01-17 11:00:00,67.39482001517639,74.75919782833306,65.78087381330434,0.367
2024-01-17 12:00:00,72.38705157115999,71.62413946118635,65.15234875098581,0.381
2024-01-17 13:00:00,67.83293905558585,78.13541269108407,70.1252626844412,0.372
2024-01-17 14:00:00,75.81909930273441,73.93014656185805,60.39830295926596,0.395
2024-01-17 15:00:00,74.19301628516256,78.06665044691913,62.533902509578425,0.386
2024-01-17 16:00:00,70.3022110320536,73.92943982932711,66.41438625105297,0.378
2024-01-17 17:00:00,60.41800685143805,69.34538840736926,73.25375329766202,0.349
2024-01-17 18:00:00,55.04912463169348,51.57381580044201,51.36426255651424,0.307
2024-01-17 19:00:00,33.36838380990047,56.3265803281749,56.35155524303579,0.263
2024-01-17 20:00:00,35.18672969827122,55.08788295470709,43.90175226226437,0.261
2024-01-17 21:00:00,10.775823989856093,23.379441261043752,38.36764533347732,0.167
2024-01-17 22:00:00,11.986323815514078,32.853849948472295,28.71245585412904,0.202
2024-01-17 23:00:00,13.848876765710711,40.433369168360784,39.433588079536705,0.214
2024-01-18 00:00:00,14.572854087279172,29.230443729975477,39.03605612305058,0.175
2024-01-18 01:00:00,13.211156197271814,27.641121722899143,27.405563298866078,0.188
2024-01-18 02:00:00,20.80025204850935,17.300149629201712,39.39126584258754,0.179
2024-01-18 03:00:00,42.66619717183511,36.64847461354211,33.18526891760482,0.265
2024-01-18 04:00:00,9.087357224100854,33.958790535617524,38.01836115828677,0.194
2024-01-18 05:00:00,19.561237936926815,25.253955751781476,31.918424472956417,0.191
2024-01-18 06:00:00,19.526890252720744,31.89036006462272,41.73912176342004,0.221
2024-01-18 07:00:00,53.26355592803752,59.28092097399315,61.831065195562125,0.311
2024-01-18 08:00:00,31.28779577328458,61.54265928106882,62.555182641908345,0.29
2024-01-18 09:00:00,65.15468487004972,81.3252906042657,79.65263797386702,0.375
2024-01-18 10:00:00,65.85107022750395,73.96619901937053,73.18892377680598,0.356
2024-01-18 11:00:00,57.2918113490559,79.55224571716495,70.277095934039,0.359
2024-01-18 12:00:00,52.132348924824775,69.3058838755318,70.57423477772672,0.33
2024-01-18 13:00:00,65.99063416307841,78.50823744098577,67.90498574816304,0.38
2024-01-18 14:00:00,57.61554453789297,66.11971650464999,71.7641143894884,0.356
2024-01-18 15:00:00,51.77380028252014,75.31581230225429,71.61985739642896,0.345
2024-01-18 16:00:00,64.18348460387557,69.99337895141888,69.6776106957501,0.345
2024-01-18 17:00:00,75.17563262857678,70.30826638087747,74.09180641490853,0.379
2024-01-18 18:00:00,36.63549571211494,38.122470403672835,50.627541747313195,0.246
2024-01-18 19:00:00,42.48525319105402,47.609990032808035,50.31471132748712,0.282
2024-01-18 20:00:00,45.32279966001881,42.221633824623396,52.56490741364607,0.267
2024-01-18 21:00:00,23.071017219832928,19.056612942788014,47.86696398675268,0.174
2024-01-18 22:00:00,13.052675671465996,34.54707493242312,38.44362874345127,0.197
2024-01-18 23:00:00,15.865927888493548,28.44791649067277,36.679631234520826,0.18
2024-01-19 00:00:00,0.0,30.377424423137896,29.68772219937744,0.151
2024-01-19 01:00:00,31.565957707859106,24.4815886696894,32.66953045094742,0.221
2024-01-19 02:00:00,12.773333247398188,28.942224225977846,40.80379654991751,0.193
2024-01-19 03:00:00,21.58665554678936,31.733208418144194,38.88020161746898,0.213
2024-01-19 04:00:00,16.79783157008572,26.646575385631976,33.91765109853664,0.201
2024-01-19 05:00:00,17.344304637382734,30.78587280084202,33.72139742154774,0.192
2024-01-19 06:00:00,29.48313328339328,34.60283507391227,37.576877162224825,0.219
2024-01-19 07:00:00,33.49829406020946,58.87400452656655,51.180424289359856,0.277
2024-01-19 08:00:00,46.44621142914316,55.2612674074022,48.28844783858271,0.296
2024-01-19 09:00:00,81.69892141095474,75.91864074030917,63.96516866118661,0.408
2024-01-19 10:00:00,49.63059539067212,66.56058248884959,67.69544883287548,0.308
2024-01-19 11:00:00,81.02118290041099,69.56854031127149,71.37635122804565,0.395
2024-01-19 12:00:00,75.21543673018748,78.08720446360277,77.89080468645069,0.391
2024-01-19 13:00:00,68.133153923625,70.7371701199021,68.2025437080655,0.374
2024-01-19 14:00:00,60.16698452751389,70.99776032285186,76.54386001925471,0.323
2024-01-19 15:00:00,76.12816678077589,67.98093110743736,76.93615958616937,0.385
2024-01-19 16:00:00,67.99466178047257,75.84187791181536,73.41178214048138,0.366
2024-01-19 17:00:00,71.61654551377913,88.49738427914058,75.30276886856518,0.39
2024-01-19 18:00:00,44.04869853349155,41.78850947962911,43.19750326583968,0.269
2024-01-19 19:00:00,51.87997410709669,50.49985000135627,49.10321212589812,0.281
2024-01-19 20:00:00,35.12566231211774,44.46581068635896,50.83336192305201,0.251
2024-01-19 21:00:00,12.526465259433703,21.253218218911517,32.53539250661615,0.183
2024-01-19 22:00:00,3.2793611139100918,20.35086056323862,30.106830546869936,0.141
2024-01-19 23:00:00,2.5864959563780676,25.72223948325751,35.15423356694237,0.156
2024-01-20 00:00:00,19.606526408331675,21.23601637392875,39.179930080102324,0.192
2024-01-20 01:00:00,13.880889642464288,24.831826148938372,28.106645006190195,0.182
2024-01-20 02:00:00,21.46636896894816,23.703489874734373,20.473956793311558,0.184
2024-01-20 03:00:00,8.407595577794643,35.315979268806885,30.849842857328056,0.174
2024-01-20 04:00:00,11.494877418912372,15.59483180175447,32.279167938841944,0.15
2024-01-20 05:00:00,4.797858518570878,23.283006149925942,47.42014600124562,0.175
2024-01-20 06:00:00,11.608895904511563,24.28184016626335,24.037106348469525,0.167
2024-01-20 07:00:00,4.646095776692064,27.259435983194823,35.668555368100506,0.17
2024-01-20 08:00:00,0.0,19.37462451735699,33.643325988185,0.148
2024-01-20 09:00:00,12.94615433373611,20.62899789104783,26.166063365956955,0.179
2024-01-20 10:00:00,33.197877435347934,36.172588794388616,40.11329667263279,0.237
2024-01-20 11:00:00,34.838890365215214,39.77161226226044,35.28420467117736,0.248
2024-01-20 12:00:00,16.44094579042705,38.70652472234,44.848974465917706,0.22
2024-01-20 13:00:00,14.494650077962467,33.68058024778326,33.66866738211727,0.205
2024-01-20 14:00:00,27.017370748813395,42.43252855862086,42.46388273050588,0.239
2024-01-20 15:00:00,37.44002891793268,41.52889139396744,44.26149143281095,0.257
2024-01-20 16:00:00,22.77205481535345,25.808367703163555,37.275604818878456,0.186
2024-01-20 17:00:00,16.054741197384477,38.654888825477194,44.79387771631103,0.224
2024-01-20 18:00:00,11.812490703580764,14.825776954178359,40.30900218409795,0.186
2024-01-20 19:00:00,0.0,13.61607231917526,34.9211479171581,0.13
2024-01-20 20:00:00,0.0,10.550769559721097,29.56315796421135,0.114
2024-01-20 21:00:00,12.550270268713229,17.454233979165835,26.03437625475586,0.164
2024-01-20 22:00:00,14.133623289150416,23.32042247823428,27.943664460107797,0.199
2024-01-20 23:00:00,8.321935507965435,29.71606089971226,29.412820101123916,0.174
2024-01-21 00:00:00,12.620437524192393,23.158944642262725,31.75603109647808,0.179
2024-01-21 01:00:00,12.871314809906538,4.99997747938726,21.65071438990912,0.141
2024-01-21 02:00:00,14.36253282551169,24.431251005193882,27.16424383583724,0.204
2024-01-21 03:00:00,0.0,11.875484133333307,37.11832069633543,0.143
2024-01-21 04:00:00,17.619285785358397,15.740388469272911,34.194233528070264,0.181
2024-01-21 05:00:00,19.933537846903874,20.771717979728333,23.644947357275466,0.183
2024-01-21 06:00:00,14.813832434696794,28.062148985972318,28.570958246661824,0.183
2024-01-21 07:00:00,6.504176503095737,16.132364714307897,32.1116183729026,0.156
2024-01-21 08:00:00,0.0,14.692324206687983,37.773560694784194,0.142
2024-01-21 09:00:00,15.458734251838244,12.597210575860762,19.140737728220202,0.179
2024-01-21 10:00:00,44.679248705918624,30.89994386865844,38.61516691294184,0.264
2024-01-21 11:00:00,33.062078697773714,25.562238671221955,48.14757609170942,0.223
2024-01-21 12:00:00,13.26021190974303,34.26530487212122,46.77589175808691,0.192
2024-01-21 13:00:00,28.210091802717763,34.50157575751866,43.988944172296314,0.22
2024-01-21 14:00:00,17.917738160927847,35.05227227619769,36.294470999876836,0.203
2024-01-21 15:00:00,42.31733151961751,33.239365401775345,38.934458895252334,0.256
2024-01-21 16:00:00,28.829280974262463,32.66413770871647,31.36694986775954,0.235
2024-01-21 17:00:00,27.47000199826062,31.52312803619942,45.639700553537196,0.219
2024-01-21 18:00:00,10.730135025184149,12.626273256423225,31.822628535488253,0.174
2024-01-21 19:00:00,0.0,33.234439572744634,17.358846113431724,0.171
2024-01-21 20:00:00,21.41010210195651,21.23858941035176,27.444819310134136,0.209
2024-01-21 21:00:00,27.702513469921644,7.081987718544784,32.86266300660393,0.18
2024-01-21 22:00:00,14.414419335332628,12.15432946084928,31.234774149528,0.184
2024-01-21 23:00:00,12.099239572661137,22.23919974661598,36.48753582477916,0.184
2024-01-22 00:00:00,28.63709076019787,33.31635835112808,29.14356472050605,0.227
2024-01-22 01:00:00,18.48581264561948,24.466065331183614,33.07043619647174,0.198
2024-01-22 02:00:00,13.417737757472434,33.4801758849805,26.116774426971446,0.195
2024-01-22 03:00:00,17.39674248392615,29.3640784494384,26.377347681218033,0.181
2024-01-22 04:00:00,18.128091037119127,21.523355697403336,44.04709281043906,0.199
2024-01-22 05:00:00,7.858574697862146,26.128661222664938,28.655236197486303,0.167
2024-01-22 06:00:00,9.215541426153633,20.63500804258031,42.67100926221999,0.182
2024-01-22 07:00:00,45.542375895491126,42.60905894534552,55.361755996776616,0.284
2024-01-22 08:00:00,40.065671910041445,60.71528899902258,62.991077610278865,0.299
2024-01-22 09:00:00,71.12672842693675,72.6264442583299,70.85220323502682,0.38
2024-01-22 10:00:00,65.59649937772782,80.05438333407416,67.9743579005322,0.38
2024-01-22 11:00:00,61.820153135996854,87.51875180638949,67.66419713223448,0.367
2024-01-22 12:00:00,63.47061920347071,75.25316223901388,74.04041754984131,0.369
2024-01-22 13:00:00,46.96116422325204,73.18324814156674,68.99737698375209,0.328
2024-01-22 14:00:00,58.42622528530524,70.0044397508376,73.57371599489176,0.343
2024-01-22 15:00:00,68.2845741118073,82.97004229563686,71.20220821508325,0.37
2024-01-22 16:00:00,69.24791829511322,76.6613245718603,66.04943415008363,0.358
2024-01-22 17:00:00,58.91366052334946,74.43193757924693,63.886365425735015,0.345
2024-01-22 18:00:00,46.000135582141915,40.98984914791889,51.48407871619441,0.267
2024-01-22 19:00:00,47.612447575802214,44.17525675911433,62.79080531634669,0.278
2024-01-22 20:00:00,46.47081503583822,55.541713700463056,60.54824181723343,0.307
2024-01-22 21:00:00,23.06569196294783,22.30742424329228,33.99226472436992,0.198
2024-01-22 22:00:00,15.425906866167033,18.69802351939539,27.24775794850145,0.177
2024-01-22 23:00:00,9.265869459637505,26.281972683945455,30.645151392106214,0.174
2024-01-23 00:00:00,0.0,21.161994802274666,28.390492590957944,0.137
2024-01-23 01:00:00,25.876054838339975,19.70050974301928,33.38328687640297,0.205
2024-01-23 02:00:00,9.342954563046288,17.65208052215923,38.337787385705894,0.167
2024-01-23 03:00:00,17.554126813222275,26.859919385263513,43.66894815384731,0.193
2024-01-23 04:00:00,17.961089495681573,21.69819003999495,44.622511810523164,0.19
2024-01-23 05:00:00,6.416024855004789,29.48930752134358,27.101184701640904,0.164
2024-01-23 06:00:00,20.416065922035205,29.751982767828245,31.894447855387934,0.207
2024-01-23 07:00:00,42.41851274465449,50.210919835985244,50.20079614851032,0.271
2024-01-23 08:00:00,46.2590557855236,51.96724125294046,48.282749102031254,0.287
2024-01-23 09:00:00,71.3024118549589,86.32026420613892,69.66260178318917,0.406
2024-01-23 10:00:00,59.762117494549386,79.23554260641268,71.17082925672608,0.337
2024-01-23 11:00:00,54.50186395358297,72.98676514013162,67.33382793678022,0.342
2024-01-23 12:00:00,66.12865948868479,82.97276007443212,62.895597065941466,0.385
2024-01-23 13:00:00,73.89497854171131,65.72296668012984,63.73368162085836,0.361
2024-01-23 14:00:00,60.77795870274797,72.30343392715382,72.81571617705995,0.359
2024-01-23 15:00:00,63.223737663840176,64.08653595570524,74.61252025035836,0.342
2024-01-23 16:00:00,55.05450506623214,63.93242460960599,66.55620900319086,0.332
2024-01-23 17:00:00,70.87746068437541,77.14620567101326,67.2885834455806,0.381
2024-01-23 18:00:00,32.5876585592605,55.00143532778075,56.85042765743647,0.258
2024-01-23 19:00:00,42.758249750000026,38.42340095235514,46.556956847907315,0.268
2024-01-23 20:00:00,51.99418154549318,48.59228497930566,43.72573747419855,0.302
2024-01-23 21:00:00,8.132823029590874,33.777547619719485,45.36969716913324,0.192
2024-01-23 22:00:00,8.817729975919253,14.826734782373414,34.1521881769859,0.143
2024-01-23 23:00:00,16.877027179943376,33.16920173130627,30.69903420363719,0.192
2024-01-24 00:00:00,6.858067575718287,35.30417726320655,32.6908940144254,0.197
2024-01-24 01:00:00,17.102567282122727,31.00212023532279,32.12763877128852,0.193
2024-01-24 02:00:00,33.1172702684719,33.28065708590391,35.05329045102174,0.217
2024-01-24 03:00:00,15.254871823949369,31.614105683443082,33.66890137432677,0.192
2024-01-24 04:00:00,23.741171654551092,26.93112295879341,35.875247628956465,0.206
2024-01-24 05:00:00,15.499187238676392,26.992637737096853,32.833680557351656,0.194
2024-01-24 06:00:00,0.0,26.188054710717644,33.55247065102096,0.161
2024-01-24 07:00:00,36.597151724473306,50.96827617810348,45.06319991970865,0.269
2024-01-24 08:00:00,37.272542102623405,57.431221546820055,55.041969830113494,0.269
2024-01-24 09:00:00,74.88777796502423,65.86799234813797,71.86509600720392,0.377
2024-01-24 10:00:00,53.88024538615342,79.69396721313662,72.85680409705022,0.345
2024-01-24 11:00:00,58.07875158117989,66.82698690841497,72.80422093182968,0.338
2024-01-24 12:00:00,63.9081189889655,81.81427511606645,65.8599084266229,0.393
2024-01-24 13:00:00,69.67188843941155,73.439240229248,70.29674989312727,0.359
2024-01-24 14:00:00,63.30072292913769,81.03126673648875,75.86340486342769,0.372
2024-01-24 15:00:00,76.25490123658356,76.09173438836653,72.13207857536301,0.387
2024-01-24 16:00:00,62.77031812494998,61.1084444600507,74.79666622945955,0.356
2024-01-24 17:00:00,67.99274068690848,76.99663088189101,72.5589700645493,0.374
2024-01-24 18:00:00,46.25930994079123,53.79270419313261,46.783555824366104,0.299
2024-01-24 19:00:00,33.61837925380971,53.99551801961372,46.538814030679774,0.252
2024-01-24 20:00:00,45.24717555637909,49.086884503527635,42.96843645423528,0.292
2024-01-24 21:00:00,12.548995072718162,35.71721153636348,40.05890301085383,0.201
2024-01-24 22:00:00,10.01654544394512,19.823162871835123,33.68324757332759,0.158
2024-01-24 23:00:00,23.552596397863596,23.05727206795244,27.814515295900897,0.207
2024-01-25 00:00:00,12.307278674084502,26.46947580692322,40.61746651335636,0.167
2024-01-25 01:00:00,15.127721882033605,25.159154557842665,29.66565375439086,0.167
2024-01-25 02:00:00,6.417537295105452,19.194356061596245,37.59919593199421,0.168
2024-01-25 03:00:00,11.733305206178297,16.876183985188835,40.967324655967474,0.163
2024-01-25 04:00:00,11.906659008520027,28.205361315513404,32.33651744340479,0.182
2024-01-25 05:00:00,20.021985677642707,24.010763350687053,38.9691570497175,0.209
2024-01-25 06:00:00,16.35551278184112,16.253343942944326,37.22087305756942,0.176
2024-01-25 07:00:00,42.4884285965629,52.97125002681133,49.57666071500819,0.283
2024-01-25 08:00:00,36.212774645031516,52.053930287364615,56.80612553232872,0.275
2024-01-25 09:00:00,62.39570387423376,67.96143928462925,69.89385554703902,0.35
2024-01-25 10:00:00,51.96192012393457,66.29207957003375,68.79135776893006,0.328
2024-01-25 11:00:00,55.983519054296956,87.87547707394506,69.48172153610264,0.373
2024-01-25 12:00:00,56.36869246056562,73.11047967842414,69.11151334584899,0.345
2024-01-25 13:00:00,58.58586864182545,76.84640980256667,74.26143689417145,0.334
2024-01-25 14:00:00,66.96155735770662,79.0158790873251,73.16320477813049,0.364
2024-01-25 15:00:00,70.28432060924162,75.56642542579233,71.10681963527276,0.372
2024-01-25 16:00:00,63.91655389846262,69.20081118071565,66.12765946645864,0.347
2024-01-25 17:00:00,61.271904079203125,76.7082502494965,76.05633322725978,0.353
2024-01-25 18:00:00,38.971311102425915,50.06869985442075,53.39008045956517,0.249
2024-01-25 19:00:00,42.71410802939049,49.51946124897497,46.80984017489436,0.281
2024-01-25 20:00:00,42.37949667944306,54.7574910946877,52.01808652291581,0.283
2024-01-25 21:00:00,14.79257750847708,17.385148048361135,40.99578061993542,0.187
2024-01-25 22:00:00,40.95585641994977,16.117443342511503,35.460459974371524,0.208
2024-01-25 23:00:00,0.3029960133100289,23.40097662514126,30.784542583860144,0.155
2024-01-26 00:00:00,0.7978115140346276,27.972828465461152,35.13776018837467,0.145
2024-01-26 01:00:00,12.102942718632763,39.140327594415446,35.54499813599667,0.208
2024-01-26 02:00:00,26.363737201141234,30.727838889349762,32.039607582584686,0.218
2024-01-26 03:00:00,15.36347358786512,23.063211781231615,33.14792577353821,0.173
2024-01-26 04:00:00,13.77238435840488,26.30918184573019,36.05769880255233,0.183
2024-01-26 05:00:00,27.94812448480858,17.278564485566477,40.649784929308034,0.188
2024-01-26 06:00:00,3.863546609058206,32.88396357760937,35.76524106274905,0.169
2024-01-26 07:00:00,96.0,90.0,53.24521215005726,0.371
2024-01-26 08:00:00,41.439484200793366,61.66097390626438,51.809828759186246,0.303
2024-01-26 09:00:00,57.9111575935644,68.9167251088988,66.64514587516543,0.33
2024-01-26 10:00:00,67.09850627438193,73.57848263051828,80.3980274216443,0.366
2024-01-26 11:00:00,51.88993771614766,70.943143599619,69.00442430881229,0.34
2024-01-26 12:00:00,50.784823186671986,66.51758715718933,66.47942563941538,0.316
2024-01-26 13:00:00,59.49883189409457,81.99468210718257,69.59795752434691,0.352
2024-01-26 14:00:00,56.08064985543077,73.23764962840181,72.96526284684255,0.338
2024-01-26 15:00:00,64.34011152116334,78.01487239522311,71.46895083241132,0.375
2024-01-26 16:00:00,58.38446389297624,71.3241908483816,73.99881346256353,0.349
2024-01-26 17:00:00,69.7043006411509,66.59813354542358,71.71058105788487,0.354
2024-01-26 18:00:00,51.26649463478605,45.83899254082444,49.74558502892506,0.288
2024-01-26 19:00:00,34.349302199318274,57.277518168809486,51.46766695917768,0.281
2024-01-26 20:00:00,34.18576424632211,40.02870432870066,40.20180848783386,0.253
2024-01-26 21:00:00,3.6668719724722276,21.050732894767776,27.399882163324193,0.159
2024-01-26 22:00:00,4.277919025545357,38.08305901607464,37.04383503733861,0.166
2024-01-26 23:00:00,10.445035646987872,23.951756671933566,36.46666545279269,0.193
2024-01-27 00:00:00,8.471754709446357,24.403318644507003,27.355875580618488,0.17
2024-01-27 01:00:00,1.889266521438211,12.098685046942293,25.61099414749571,0.151
2024-01-27 02:00:00,5.958510846103095,19.271814560285705,27.46595351608933,0.182
2024-01-27 03:00:00,6.720910707102109,29.216241733918597,25.371396167165177,0.172
2024-01-27 04:00:00,23.876528202737624,27.42968898611141,34.26952057047644,0.205
2024-01-27 05:00:00,13.690163455473602,21.108546310425194,28.042359089959042,0.17
2024-01-27 06:00:00,6.8183125859675435,24.21996899909974,25.651232734456205,0.168
2024-01-27 07:00:00,11.605861899508405,19.66902741579217,23.67328796166189,0.169
2024-01-27 08:00:00,0.5453989751658384,18.851630913862326,31.907720874001804,0.144
2024-01-27 09:00:00,0.0,19.13732770401314,27.496902806751013,0.144
2024-01-27 10:00:00,15.097309485125821,32.32497558953152,37.55293876168875,0.201
2024-01-27 11:00:00,30.72452732235606,32.024413675936444,38.37057007743519,0.225
2024-01-27 12:00:00,21.851764006392216,34.836855223603386,37.85885523125304,0.232
2024-01-27 13:00:00,19.18927172375804,34.04556795184195,52.01103775399105,0.216
2024-01-27 14:00:00,26.040773827715622,34.326895167626645,32.23177761774068,0.225
2024-01-27 15:00:00,36.99414482691331,29.334786513240893,33.44109435729405,0.255
2024-01-27 16:00:00,33.87116662508232,30.687700075059624,33.80955083075624,0.241
2024-01-27 17:00:00,32.62346682891362,41.00865920463104,44.413191410544364,0.251
2024-01-27 18:00:00,3.2118671649257724,17.294046149467523,28.30228343311336,0.142
2024-01-27 19:00:00,0.6653608031831215,23.21490115423301,33.780793351138335,0.17
2024-01-27 20:00:00,1.5719298935203554,17.00206588675576,28.516868754545023,0.162
2024-01-27 21:00:00,13.188081032800154,20.259667968977716,27.201474258526126,0.16
2024-01-27 22:00:00,0.8297548994910784,31.555722885159604,32.18817612615604,0.156
2024-01-27 23:00:00,6.753268731724163,40.50791621894753,28.900062216390943,0.191
2024-01-28 00:00:00,23.080755699446144,18.82661312689566,29.364241849572768,0.188
2024-01-28 01:00:00,5.082265285150654,21.39111878776717,28.24952729363167,0.163
2024-01-28 02:00:00,8.470619063405868,21.87350006363845,34.79418686061911,0.162
2024-01-28 03:00:00,14.210683957217928,23.87063445033128,34.23301427694592,0.174
2024-01-28 04:00:00,10.241762718493899,24.411587854589957,36.375139145167964,0.183
2024-01-28 05:00:00,19.06392492092521,18.103271601405638,36.30936424188576,0.179
2024-01-28 06:00:00,17.036581089210955,18.70372154104488,32.20441338525919,0.193
2024-01-28 07:00:00,0.0,19.045949223958793,30.881055303544024,0.132
2024-01-28 08:00:00,5.260774207785788,23.49364520302975,27.122222241580634,0.142
2024-01-28 09:00:00,0.0,14.539048581983064,27.30871112726209,0.119
2024-01-28 10:00:00,21.329349282014725,29.564122987732247,36.71480768916287,0.208
2024-01-28 11:00:00,20.344525302673897,32.05312052419717,37.12164640848529,0.207
2024-01-28 12:00:00,16.539094565438347,43.47783992449444,30.493478426907295,0.225
2024-01-28 13:00:00,25.734186399933886,34.95930214190502,47.51643204455053,0.22
2024-01-28 14:00:00,41.595557324736276,38.93074885869297,41.36337368198583,0.271
2024-01-28 15:00:00,21.969283900820475,38.32769823230054,37.48238171059634,0.199
2024-01-28 16:00:00,25.942237750595066,33.031770218615385,48.972757912247836,0.208
2024-01-28 17:00:00,28.19973410846394,35.49226293186203,46.83976383060354,0.23
2024-01-28 18:00:00,4.702135876433207,20.782790224104403,38.20914180675442,0.155
2024-01-28 19:00:00,6.194290788215599,17.58009644628116,35.13314265465615,0.154
2024-01-28 20:00:00,16.24523336080648,19.121173474937,24.304294844534407,0.173
2024-01-28 21:00:00,0.0,18.650669671621255,37.464642053114716,0.135
2024-01-28 22:00:00,7.842734631159461,32.9927570315974,31.77413479776104,0.195
2024-01-28 23:00:00,19.82170792208407,22.286747176853055,31.06225298999792,0.185
2024-01-29 00:00:00,19.036429261722038,37.77750235946131,31.246657918950337,0.213
2024-01-29 01:00:00,13.911149146476838,19.297706902667407,34.060296692674285,0.174
2024-01-29 02:00:00,14.545844875636377,22.54600320982247,31.268511244080518,0.195
2024-01-29 03:00:00,14.459343301584367,29.908688196920437,31.45173828633403,0.193
2024-01-29 04:00:00,18.11375952859757,34.683154485336956,39.71852694274149,0.184
2024-01-29 05:00:00,17.94941410183321,18.293616427017348,35.79974423660284,0.173
2024-01-29 06:00:00,17.200543756060693,25.367809020535645,37.12621693663349,0.201
2024-01-29 07:00:00,54.040199775988334,47.61617073237625,53.4830345013605,0.302
2024-01-29 08:00:00,41.61761704913272,60.92250821931302,48.224837769654194,0.277
2024-01-29 09:00:00,64.69937391808631,78.74657528891143,67.77118504150431,0.369
2024-01-29 10:00:00,60.28917908873565,72.77925177447857,71.48511370564546,0.356
2024-01-29 11:00:00,68.99020851186886,79.46275866715212,73.24142157718448,0.365
2024-01-29 12:00:00,74.08868129670346,70.80788833530326,65.71204713669826,0.374
2024-01-29 13:00:00,53.368488591373925,84.9425308041361,61.78850419201415,0.335
2024-01-29 14:00:00,60.593589528646085,84.16119058297735,71.28786099960097,0.373
2024-01-29 15:00:00,68.88268504138138,78.12145405843854,74.96051497622423,0.38
2024-01-29 16:00:00,59.63703630741829,69.26363660057568,74.88571504505474,0.326
2024-01-29 17:00:00,62.30723937232479,78.24929162497892,66.61056969064147,0.357
2024-01-29 18:00:00,45.04547547959988,47.913067945834676,50.292229428062825,0.265
2024-01-29 19:00:00,29.13614483903308,46.83351636863561,54.59742052975482,0.239
2024-01-29 20:00:00,40.920551223716245,46.3804320426753,48.23250588477198,0.282
2024-01-29 21:00:00,17.84226089301852,14.586211754533721,46.44078257445463,0.199
2024-01-29 22:00:00,27.914092184716417,21.317209133483306,29.83759958336321,0.222
2024-01-29 23:00:00,26.497467202005538,19.855798586002887,34.85078005835065,0.208
2024-01-30 00:00:00,38.433700424645764,34.960583753284844,37.870940610622796,0.245
2024-01-30 01:00:00,17.61366707913113,33.10571111523927,30.783185663919475,0.204
2024-01-30 02:00:00,26.65017597063846,20.897488091445023,37.33928809588633,0.204
2024-01-30 03:00:00,7.309158743318102,21.463582538102212,36.02153721564463,0.161
2024-01-30 04:00:00,9.150036831189274,23.886550647330363,33.69231053303754,0.173
2024-01-30 05:00:00,5.4171408060162705,20.92327092511899,35.77569759311297,0.181
2024-01-30 06:00:00,0.0,15.85551109258597,35.4975626667961,0.157
2024-01-30 07:00:00,44.33772023234214,65.28974734263906,53.71937962036879,0.308
2024-01-30 08:00:00,47.377044828865216,43.57319203417251,47.08522030086769,0.262
2024-01-30 09:00:00,66.93431997285903,83.81448373341004,77.62322127095761,0.384
2024-01-30 10:00:00,52.82001287661222,80.79603491130538,63.39753191478499,0.356
2024-01-30 11:00:00,56.74752057855096,81.03376994942134,70.88197207539162,0.35
2024-01-30 12:00:00,51.81404015894093,66.21591615466454,80.0650687290981,0.318
2024-01-30 13:00:00,68.0427533142116,79.3810660487608,67.4893561448572,0.374
2024-01-30 14:00:00,59.9357192079771,83.21574342536628,70.25594716655263,0.358
2024-01-30 15:00:00,48.70935494972595,79.03516785574298,70.66177807265908,0.323
2024-01-30 16:00:00,66.71862248664415,76.92114412420769,81.40676097621991,0.358
2024-01-30 17:00:00,76.07112487477606,77.381763789754,72.18075910741047,0.398
2024-01-30 18:00:00,43.165538646076726,57.776575286569226,52.497613909636534,0.287
2024-01-30 19:00:00,35.70817854632524,50.384917400316205,52.66464116040558,0.261
2024-01-30 20:00:00,45.600752255038444,50.48706068741401,49.404635670861,0.28
2024-01-30 21:00:00,11.270353218017725,19.291292969945843,30.264477090949466,0.167
2024-01-30 22:00:00,22.55017956110631,31.676954770309436,36.79700243706588,0.215
2024-01-30 23:00:00,0.0,23.75584569861006,44.2355932102636,0.161
